,revenue$,revenue$inM
2004,4397009.8,4.3970098
2005,7215232.41,7.2152324100000005
2006,10906000.58,10.90600058
2007,27451798.34,27.45179834
2008,2212160.05,2.2121600499999996
2009,0.0,0.0
2010,357538.2,0.35753820000000003
